<?xml version="1.0" encoding="utf-8" ?>
<!DOCTYPE mapper PUBLIC "-//mybatis.org//DTD Mapper 3.0//EN"
"http://mybatis.org/dtd/mybatis-3-mapper.dtd">

<!-- 配置Dao类的映射 -->
<mapper namespace="com.chinasofti.inventory.dao.AdminDao">
	<!--返回结果集-->
	<resultMap type="com.chinasofti.inventory.entity.Admin" id="admin">
		<result property="aname" column="aname"/>
		<result property="apassword" column="apassword"/>
		<result property="atype" column="atype"/>
	</resultMap>
	
	<!-- 添加 -->
	<insert id="insert" parameterType="admin">
		insert into admin values(#{aname},#{apassword},#{atype})
	</insert>
	
	<!-- 删除 -->
	<delete id="delete" parameterType="int">
		delete from admin where aname=#{aname}
	</delete>
	
	<!-- 修改 -->
	<update id="update" parameterType="admin">
		update admin set apassword=#{apassword} where aname=#{aname}
	</update>
	
	<!--根据主键查询-->
	<select id="selectById" resultMap="admin" parameterType="String">
		select * from admin where aname=#{aname}
	</select>
	
	<!-- 查询全部 -->
	<select id="selectAll" resultMap="admin">
		select * from admin
	</select>
	
	<!-- 记录数 -->
	<select id="getCount" resultType="int">
		select count(*) from admin
	</select>
	
	<!-- 分页查询 max min 与传递过来的map集合里面的key一致  根据key取值-->
	<select id="selectByPage" resultMap="admin" parameterType="hashmap">
		select * from (select l.*,rownum r from admin l
		 where rownum <![CDATA[<=]]> #{max}) t
		 where t.r <![CDATA[>=]]>#{min}
	</select>
	
	<!-- 删除多个 -->
	<delete id="deleteByIds" parameterType="java.sql.Array">
	  delete from users where userid in
	  <foreach item="aname" collection="array" 
		 open="(" close=")" separator=",">
		 #{aname}
	   </foreach>
	</delete>
</mapper>