<?xml version="1.0" encoding="utf-8" ?>
<!DOCTYPE mapper PUBLIC "-//mybatis.org//DTD Mapper 3.0//EN"
"http://mybatis.org/dtd/mybatis-3-mapper.dtd">

<!-- 配置Dao类的映射 -->
<mapper namespace="com.chinasofti.inventory.dao.CompanyDao">
	<!--返回结果集-->
	<resultMap type="com.chinasofti.inventory.entity.Company" id="company">
		<result property="cid" column="cid" />
		<result property="cname" column="cname"/>
		<result property="tel" column="tel"/>
		<result property="email" column="email"/>
		<result property="person" column="person"/>
		<result property="address" column="address"/>
	</resultMap>
	
	<!-- 添加 -->
	<insert id="insert" parameterType="company">
		insert into company values(qe_v.nextval,#{cname},#{tel},#{email},#{person},#{address})
	</insert>
	
	<!-- 删除 -->
	<delete id="delete" parameterType="int">
		delete from company where cid=#{cid}
	</delete>
	
	<!-- 修改 -->
	<update id="update" parameterType="company">
		update company set cname=#{cname},tel=#{tel},email=#{email},person=#{person},address=#{address} where cid=#{cid}
	</update>
	
	<!--根据主键查询-->
	<select id="selectById" resultMap="company" parameterType="int">
		select * from company where cid=#{cid}
	</select>
	
	<!-- 查询全部 -->
	<select id="selectAll" resultMap="company">
		select * from company
	</select>
	
	<!-- 记录数 -->
	<select id="getCount" resultType="int">
		select count(*) from company
	</select>
	
	<!-- 分页查询 max min 与传递过来的map集合里面的key一致  根据key取值-->
	<select id="selectByPage" resultMap="company" parameterType="hashmap">
		select * from (select l.*,rownum r from company l
		 where rownum <![CDATA[<=]]> #{max}) t
		 where t.r <![CDATA[>=]]>#{min}
	</select>
	
	<!-- 删除多个 -->
	<delete id="deleteByIds" parameterType="java.sql.Array">
	  delete from company where cid in
	  <foreach item="cid" collection="array" 
		 open="(" close=")" separator=",">
		 #{cid}
	   </foreach>
	</delete>
</mapper>