<?xml version="1.0" encoding="utf-8" ?>
<!DOCTYPE mapper PUBLIC "-//mybatis.org//DTD Mapper 3.0//EN"
"http://mybatis.org/dtd/mybatis-3-mapper.dtd">

<!-- 配置Dao类的映射 -->
<mapper namespace="com.chinasofti.inventory.dao.EmporDao">
	<!--返回结果集-->
	<resultMap type="com.chinasofti.inventory.entity.Empor" id="empor">
		<result property="empno" column="empno"/>
		<result property="empName" column="empname"/>
	</resultMap>
	
	<!-- 添加 -->
	<insert id="insert" parameterType="empor">
		insert into empor values(qe_v.nextval,#{empName})
	</insert>
	
	<!-- 删除 -->
	<delete id="delete" parameterType="int">
		delete from empor where empno=#{empno}
	</delete>
	
	<!-- 修改 -->
	<update id="update" parameterType="empor">
		update empor set empname=#{empName} where empno=#{empno}
	</update>
	
	<!--根据主键查询-->
	<select id="selectById" resultMap="empor" parameterType="int">
		select * from empor where empno=#{empno}
	</select>
	
	<!-- 查询全部 -->
	<select id="selectAll" resultMap="empor">
		select * from empor
	</select>
	
	<!-- 记录数 -->
	<select id="getCount" resultType="int">
		select count(*) from empor
	</select>
	
	<!-- 分页查询 max min 与传递过来的map集合里面的key一致  根据key取值-->
	<select id="selectByPage" resultMap="empor" parameterType="hashmap">
		select * from (select l.*,rownum r from empor l
		 where rownum <![CDATA[<=]]> #{max}) t
		 where t.r <![CDATA[>=]]>#{min}
	</select>
	
	<!-- 删除多个 -->
	<delete id="deleteByIds" parameterType="java.sql.Array">
	  delete from empor where empno in
	  <foreach item="empname" collection="array" 
		 open="(" close=")" separator=",">
		 #{empName}
	   </foreach>
	</delete>
</mapper>