<?xml version="1.0" encoding="utf-8" ?>
<!DOCTYPE mapper PUBLIC "-//mybatis.org//DTD Mapper 3.0//EN"
"http://mybatis.org/dtd/mybatis-3-mapper.dtd">

<!-- 配置Dao类的映射 -->
<mapper namespace="com.chinasofti.inventory.dao.GoodsTypeDao">
	<!--返回结果集-->
	<resultMap type="com.chinasofti.inventory.entity.GoodsType" id="goodsType">
		<result property="gtno" column="gtno"/>
		<result property="gtName" column="gtname"/>
	</resultMap>
	
	<!-- 添加 -->
	<insert id="insert" parameterType="goodsType">
		insert into goodstype values(qe_v.nextval,#{gtName})
	</insert>
	
	<!-- 删除 -->
	<delete id="delete" parameterType="int">
		delete from goodstype where gtno=#{gtno}
	</delete>
	
	<!-- 修改 -->
	<update id="update" parameterType="goodsType">
		update goodstype set gtname=#{gtName} where gtno=#{gtno}
	</update>
	
	<!--根据主键查询-->
	<select id="selectById" resultMap="goodsType" parameterType="int">
		select * from goodstype where gtno=#{gtno}
	</select>
	
	<!-- 查询全部 -->
	<select id="selectAll" resultMap="goodsType">
		select * from goodstype
	</select>
	
	<!-- 记录数 -->
	<select id="getCount" resultType="int">
		select count(*) from goodstype
	</select>
	
	<!-- 分页查询 max min 与传递过来的map集合里面的key一致  根据key取值-->
	<select id="selectByPage" resultMap="goodsType" parameterType="hashmap">
		select * from (select l.*,rownum r from goodstype l
		 where rownum <![CDATA[<=]]> #{max}) t
		 where t.r <![CDATA[>=]]>#{min}
	</select>
	
	<!-- 删除多个 -->
	<delete id="deleteByIds" parameterType="java.sql.Array">
	  delete from goodstype where gtno in
	  <foreach item="gtno" collection="array" 
		 open="(" close=")" separator=",">
		 #{gtno}
	   </foreach>
	</delete>
</mapper>