<?xml version="1.0" encoding="utf-8" ?>
<!DOCTYPE mapper PUBLIC "-//mybatis.org//DTD Mapper 3.0//EN"
"http://mybatis.org/dtd/mybatis-3-mapper.dtd">

<!-- 配置Dao类的映射 -->
<mapper namespace="com.chinasofti.inventory.dao.GoodsDao">
	<!-- 返回结果集 -->
	<resultMap type="com.chinasofti.inventory.entity.Goods" id="goods">
		<result property="goodsId" column="goodsid" />
		<result property="gname" column="gname" />	
		<result property="gpic" column="gpic" />
		<result property="brand" column="brand" />
		<result property="xinghao" column="xinghao" />
		
		<association property="goodsType" javaType="com.chinasofti.inventory.entity.GoodsType">
			<result property="gtno" column="gtno" />
			<result property="gtName" column="gtname" />
		</association>
	</resultMap>

	<!-- 添加 -->
	<insert id="insert" parameterType="goods">
		insert into goods
		values(qe_v.nextval,#{gname},#{goodsType.gtno},#{gpic},#{brand},#{xinghao})
	</insert>

	<!-- 删除 -->
	<delete id="delete" parameterType="int">
		delete from goods where
		goodsid=#{goodsId}
	</delete>

	<!-- 修改 -->
	<update id="update" parameterType="goods">
		update goods set
		gname=#{gname},gtno=#{goodsType.gtno},gpic=#{gpic},brand=#{brand},xinghao=#{xinghao} where goodsid=#{goodsId}
	</update>

	<!-- 根据主键查询 -->
	<select id="selectById" resultMap="goods" parameterType="int">
		select g.*,gt.* from goods g,goodstype gt where g.gtno=gt.gtno and goodsid=#{goodsId}
	</select>

	<!-- 查询全部 -->
	<select id="selectAll" resultMap="goods">
		select g.*,gt.* from goods g,goodstype gt where g.gtno=gt.gtno order by goodsid
	</select>

	<!-- 记录数 -->
	<select id="getCount" resultType="int">
		select count(*) from goods
	</select>

	<!-- 分页查询 max min 与传递过来的map集合里面的key一致 根据key取值 -->
	<select id="selectByPage" resultMap="goods" parameterType="hashmap">
		select * from (select l.*,rownum r from (select g.goodsid,g.gname,g.gpic,g.brand,g.xinghao,gt.gtno,gt.gtname from goods g,goodstype gt where g.gtno=gt.gtno) l
		 where rownum <![CDATA[<=]]> #{max}) t
		 where t.r <![CDATA[>=]]>#{min} order by goodsid
	</select>

	<!-- 删除多个 -->
	<delete id="deleteByIds" parameterType="java.sql.Array">
		delete from goods where gtno in
		<foreach item="goodsId" collection="array" open="(" close=")"
			separator=",">
			#{goodsId}
		</foreach>
	</delete>
	
	<!-- 模糊查询所有 -->
	<select id="selectAllByLike" resultMap="goods" parameterType="String">
		select g.goodsid,g.gname,g.gpic,g.brand,g.xinghao,gt.gtno,gt.gtname from goods g,goodstype gt where g.gtno=gt.gtno and gname like concat('%',concat(#{gname},'%'))
	</select>
</mapper>