<?xml version="1.0" encoding="utf-8" ?>
<!DOCTYPE mapper PUBLIC "-//mybatis.org//DTD Mapper 3.0//EN"
"http://mybatis.org/dtd/mybatis-3-mapper.dtd">
<mapper namespace="com.chinasofti.inventory.dao.InBoundDao">
	<!--返回结果集-->
	<resultMap type="com.chinasofti.inventory.entity.InBound" id="ib">
	
		<result property="ibid" column="ibid"/>		
		<result property="num" column="num" />
		<association property="inOrder" javaType="com.chinasofti.inventory.entity.InOrder">
			<result property="ioid" column="ioid" />
			<result property="idate" column="idate" />
			<result property="emp" column="empno" />
			<result property="admin" column="aname"/>
			<result property="company" column="cname"/>
		</association>
		
		<association property="goods" javaType="com.chinasofti.inventory.entity.Goods">
			<result property="goodsId" column="goodsid" />
			<result property="gname" column="gname" />
			<result property="gpic" column="gpic" />
			<result property="brand" column="brand" />
			<result property="xinghao" column="xinghao" />
		</association>

	</resultMap>

	<!--添加-->
	<insert id="insert" parameterType="inBound">
		insert into inbound values(qe_v.nextval,#{inOrder.ioid},#{goods.goodsId},#{num})
	</insert>
	
	<!--删除-->
	<delete id="delete" parameterType="int">
		delete from inbound where ibid=#{ibid}
	</delete>
	
	<!--修改-->
	<update id="update" parameterType="inBound">
		update inbound set num=#{num},ioid=#{inOrder.ioid},goodsid=#{goods.goodsId} where ibid=#{ibid}
	</update>
	
	<!--根据主键查询-->
	<select id="selectById" resultMap="ib" parameterType="int">
		select i.*,io.*,g.* from inbound i,inorder io,goods g where i.ioid=io.ioid and i.goodsid=g.goodsid where ibid=#{ibid}
	</select>
	
	<!--查询全部-->
	<select id="selectAll" resultMap="ib">
		select i.*,io.*,g.* from inbound i,inorder io,goods g where i.ioid=io.ioid and i.goodsid=g.goodsid order by idate desc
	</select>
	
	<!--记录数  -->
	<select id="getCount" resultType="int">
		select count(*) from inbound
	</select>
	
	<!--分页查询-->
	<select id="selectByPage" resultMap="ib" parameterType="hashmap">
		 select * from (select l.*,rownum r from (select i.ibid,i.num,io.ioid,io.idate,io.empno,io.aname,io.cname,g.goodsid,g.gname,g.gtno,g.gpic,g.brand,g.xinghao from inbound i,inorder io,goods g where i.ioid=io.ioid and i.goodsid=g.goodsid) l where rownum <![CDATA[<=]]> #{max}) t where t.r <![CDATA[>=]]>#{min} order by idate desc
	</select>
	
	<!-- 批量删除 -->
	<delete id="deleteByioId" parameterType="java.sql.Array">
		delete from inbound where inorder in
	 	<foreach item="ioid" collection="array" open="(" close=")" separator=",">
	 		#{ioid}
	 	</foreach>
	</delete>
	
	<!-- 多条件查询 
	
	<select id="selectByTiaoJian" resultMap="" parameterType="hashmap">
		select * from 表名
		<trim prefix="where" prefixOverrides="and||or">
			<if test="字段名!=null and 字段名!=''">
				and 字段名 like concat('%',concat(#{字段名},'%'))
			</if>
			<if test="字段名!=null and 字段名!=''">
				and 字段名 like concat('%',concat(#{字段名},'%'))
			</if>
		</trim>
	</select>
	-->
</mapper>