<?xml version="1.0" encoding="utf-8" ?>
<!DOCTYPE mapper PUBLIC "-//mybatis.org//DTD Mapper 3.0//EN"
"http://mybatis.org/dtd/mybatis-3-mapper.dtd">
<mapper namespace="com.chinasofti.inventory.dao.InOrderDao">
	<!--返回结果集-->
	<resultMap type="com.chinasofti.inventory.entity.InOrder" id="io">
		<result property="ioid" column="ioid"/>
		<result property="idate" column="idate"/>
		<association property="emp" javaType="com.chinasofti.inventory.entity.Empor">
			<result property="empno" column="empno" />
			<result property="empName" column="empname" />
		</association>
		
		<association property="admin" javaType="com.chinasofti.inventory.entity.Admin">
			<result property="aname" column="aname" />
		</association>
		
		<association property="company" javaType="com.chinasofti.inventory.entity.Company">
			<result property="cid" column="cid" />
			<result property="cname" column="cn" />
			<result property="tel" column="tel" />
			<result property="email" column="email" />
			<result property="person" column="person" />
			<result property="address" column="address" />
		</association>
	</resultMap>

	<!--添加-->
	<insert id="insert" parameterType="inOrder">
		insert into inorder values(qe_v.nextval,#{idate},#{emp.empno},#{admin.aname},#{company.cid})
	</insert>
	
	<!--删除-->
	<delete id="delete" parameterType="int">
		delete from inorder where ioid=#{ioid}
	</delete>
	
	<!--修改-->
	<update id="update" parameterType="inOrder">
		update inorder set idate=#{idate},empno=#{emp.empno},aname=#{admin.aname},cname=#{company.cid} where ioid=#{ioid}
	</update>
	
	<!--根据主键查询-->
	<select id="selectById" resultMap="io" parameterType="int">
		select i.*,e.*,a.*,c.cid,c.cname cn,c.tel,c.email,c.person,c.address from inorder i,empor e,admin a,company c where ioid=#{ioid} i.empno=e.empno and i.aname=a.aname and i.cname=c.cid
	</select>
	
	<!--查询全部-->
	<select id="selectAll" resultMap="io">
		select i.*,e.*,a.*,c.cid,c.cname cn,c.tel,c.email,c.person,c.address from inorder i,empor e,admin a,company c where i.empno=e.empno and i.aname=a.aname and i.cname=c.cid order by idate desc
	</select>
	
	<!--记录数  -->
	<select id="getCount" resultType="int">
		select count(*) from inorder
	</select>
	
	<!--分页查询-->
	<select id="selectByPage" resultMap="io" parameterType="hashmap">
		select * from (select l.*,rownum r from (select i.ioid,i.idate,i.empno,e.empname,a.aname,a.apassword,a.atype,c.cid,c.cname cn,c.tel,c.email,c.person,c.address from inorder i,empor e,admin a,company c where i.empno=e.empno and i.aname=a.aname and i.cname=c.cid) l where rownum <![CDATA[<=]]> #{max}) t where t.r <![CDATA[>=]]>#{min} order by idate desc
	</select>
	
	<!-- 批量删除 -->
	<delete id="deleteByioId" parameterType="java.sql.Array">
		delete from inorder where ioid in
	 	<foreach item="ioid" collection="array" open="(" close=")" separator=",">
	 		#{ioid}
	 	</foreach>
	</delete>
	
	<!-- 多条件查询 
	
	<select id="selectByTiaoJian" resultMap="" parameterType="hashmap">
		select * from 表名
		<trim prefix="where" prefixOverrides="and||or">
			<if test="字段名!=null and 字段名!=''">
				and 字段名 like concat('%',concat(#{字段名},'%'))
			</if>
			<if test="字段名!=null and 字段名!=''">
				and 字段名 like concat('%',concat(#{字段名},'%'))
			</if>
		</trim>
	</select>
	-->
	<select id="selectAllByLike" parameterType="Map" resultMap="io">
		select t.* from (select s.*,rownum r from (select i.ioid,i.idate,e.empno,e.empname,a.aname,c.cid,c.cname from inorder i,empor e,admin a,company c where i.empno=e.empno and i.aname=a.aname and i.cname=c.cid
		<if test="#{aname}!=null and #{aname} != ''">
			and a.aname like concat('%',concat(#{aname},'%'))
		</if>
		<if test="#{empName}!=null and #{empName}!=''">
			and e.empname like concat('%',concat(#{empName},'%'))
		</if>
		<if test="#{cname}!=null and #{cname}!=''">
			and c.cname like concat('%',concat(#{cname},'%'))
		</if>
		order by idate desc) s where rownum <![CDATA[<=]]> #{max}) t
		where t.r <![CDATA[>=]]>#{min}
	</select>
</mapper>