<?xml version="1.0" encoding="utf-8" ?>
<!DOCTYPE mapper PUBLIC "-//mybatis.org//DTD Mapper 3.0//EN"
"http://mybatis.org/dtd/mybatis-3-mapper.dtd">

<!-- 配置Dao类的映射 -->
<mapper namespace="com.chinasofti.inventory.dao.InventDao">
	<!-- 返回结果集 -->
	<resultMap type="com.chinasofti.inventory.entity.Invent" id="invent">
		<result property="inventId" column="inventid" />		
		<result property="gcount" column="gcount" />
		<!-- 连表部分 -->
		<association property="goods" javaType="com.chinasofti.inventory.entity.Goods">
			<result property="goodsId" column="goodsid" />
			<result property="gname" column="gname" />
			<result property="gpic" column="gpic" />
		</association>
	</resultMap>
	
	<!-- 添加 -->
	<insert id="insert" parameterType="invent">
		insert into invent values(qe_v.nextval,#{goods.goodsId},#{gcount})
	</insert>
	
	<!-- 删除 -->
	<delete id="delete" parameterType="int">
		delete from invent where inventid=#{inventId}
	</delete>
	
	<!-- 修改 -->
	<update id="update" parameterType="invent">
		update invent set goodsid=#{goods.goodsId},gcount=#{gcount} where inventid=#{inventId}
	</update>
	
	<!-- 根据主键查询 -->
	<select id="selectById" resultMap="invent" parameterType="int">
		select i.*,g.* from invent i,goods g where i.goodsid=g.goodsid and inventid=#{inventId}
	</select>
	
	<!-- 查询全部 -->
	<select id="selectAll" resultMap="invent">
		select i.*,g.* from invent i,goods g where i.goodsid=g.goodsid
	</select>
	
	<!-- 查询全部 -->
	<select id="selectByGoodsId" resultMap="invent" parameterType="int">
		select * from invent where goodsid=#{goodsId} order by inventid desc
	</select>
	
	<!-- 记录数 -->
	<select id="getCount" resultType="int">
		select count(*) from invent
	</select>
	
	<!-- 分页查询 max min 与传递过来的map集合里面的key一致  根据key取值 -->
	<select id="selectByPage" resultMap="invent" parameterType="hashmap">
		select * from (select l.*,rownum r from (select i.inventid,i.gcount,g.goodsid,g.gname,g.gtno,g.gpic,g.brand,g.xinghao from invent i,goods g where i.goodsid=g.goodsid) l where rownum <![CDATA[<=]]> #{max}) t where t.r <![CDATA[>=]]>#{min} order by inventid desc
	</select>
	
	<!-- 删除多个 -->
	<delete id="deleteByIds" parameterType="java.sql.Array">
	  delete from empor where empno in
	  <foreach item="empname" collection="array" 
		 open="(" close=")" separator=",">
		 #{empName}
	   </foreach>
	</delete>
</mapper>