<?xml version="1.0" encoding="utf-8" ?>
<!DOCTYPE mapper PUBLIC "-//mybatis.org//DTD Mapper 3.0//EN"
"http://mybatis.org/dtd/mybatis-3-mapper.dtd">
<mapper namespace="com.chinasofti.inventory.dao.OutBoundDao">
	<!--返回结果集-->
	<resultMap type="com.chinasofti.inventory.entity.OutBound" id="ob">
	
		<result property="obid" column="obid"/>		
		<result property="num" column="num" />
		<association property="outOrder" javaType="com.chinasofti.inventory.entity.OutOrder">
			<result property="ooid" column="ooid" />
			<result property="odate" column="odate" />
		</association>
		
		<association property="goods" javaType="com.chinasofti.inventory.entity.Goods">
			<result property="goodsId" column="goodsid" />
			<result property="gname" column="gname" />
			<result property="gpic" column="gpic" />
			<result property="xinghao" column="xinghao" />
		</association>

	</resultMap>

	<!--添加-->
	<insert id="insert" parameterType="outBound">
		insert into outbound values(qe_v.nextval,#{outOrder.ooid},#{goods.goodsId},#{num})
	</insert>
	
	<!--删除-->
	<delete id="delete" parameterType="int">
		delete from outbound where obid=#{obid}
	</delete>
	
	<!--修改-->
	<update id="update" parameterType="outBound">
		update outbound set ooid=#{outOrder.ooid},goodsid=#{goods.goodsId},num=#{num} where obid=#{obid}
	</update>
	
	<!--根据主键查询-->
	<select id="selectById" resultMap="ob" parameterType="int">
		select ob.*,o.*,g.* from outbound ob,outorder o,goods g where ob.ooid=o.ooid and ob.goodsid=g.goodsid and obid=#{obid}
	</select>
	
	<!--查询全部-->
	<select id="selectAll" resultMap="ob">
		select ob.*,o.*,g.* from outbound ob,outorder o,goods g where ob.ooid=o.ooid and ob.goodsid=g.goodsid order by odate desc
	</select>
	
	<!--记录数  -->
	<select id="getCount" resultType="int">
		select count(*) from outbound
	</select>
	
	<!--分页查询-->
	<select id="selectByPage" resultMap="ob" parameterType="hashmap">
		select * from (select l.*,rownum r from (select ob.obid,ob.num,o.ooid,o.odate,o.empno,o.aname,g.goodsid,g.gname,g.gtno,g.gpic,g.brand,g.xinghao from outbound ob,outorder o,goods g where ob.ooid=o.ooid and ob.goodsid=g.goodsid) l where rownum <![CDATA[<=]]> #{max}) t where t.r <![CDATA[>=]]>#{min} order by odate desc
	</select>
	
	<!-- 批量删除 -->
	<delete id="deleteByioId" parameterType="java.sql.Array">
		delete from inbound where inorder in
	 	<foreach item="ioid" collection="array" open="(" close=")" separator=",">
	 		#{ioid}
	 	</foreach>
	</delete>
	
	<!-- 多条件查询 
	
	<select id="selectByTiaoJian" resultMap="" parameterType="hashmap">
		select * from 表名
		<trim prefix="where" prefixOverrides="and||or">
			<if test="字段名!=null and 字段名!=''">
				and 字段名 like concat('%',concat(#{字段名},'%'))
			</if>
			<if test="字段名!=null and 字段名!=''">
				and 字段名 like concat('%',concat(#{字段名},'%'))
			</if>
		</trim>
	</select>
	-->
</mapper>