<?xml version="1.0" encoding="utf-8" ?>
<!DOCTYPE mapper PUBLIC "-//mybatis.org//DTD Mapper 3.0//EN"
"http://mybatis.org/dtd/mybatis-3-mapper.dtd">

<!-- 配置Dao类的映射 -->
<mapper namespace="com.chinasofti.inventory.dao.OutOrderDao">
	<!-- 返回结果集 -->
	<resultMap type="com.chinasofti.inventory.entity.OutOrder" id="outorder">

		<result property="ooid" column="ooid" />		
		<result property="odate" column="odate" />
		<!-- 连表部分 -->
		<association property="emp" javaType="com.chinasofti.inventory.entity.Empor">
			<result property="empno" column="empno" />
			<result property="empName" column="empname" />
		</association>
		<association property="admin" javaType="com.chinasofti.inventory.entity.Admin">
			<result property="aname" column="aname" />
			<result property="apassword" column="apassword" />
			<result property="atype" column="atype" />
		</association>
	</resultMap>
	
	<!-- 添加 -->
	<insert id="insert" parameterType="outOrder">
		insert into outorder values(qe_v.nextval,#{odate},#{emp.empno},#{admin.aname})
	</insert>
	
	<!-- 删除 -->
	<delete id="delete" parameterType="int">
		delete from outorder where ooid=#{ooid}
	</delete>
	
	<!-- 修改 -->
	<update id="update" parameterType="outOrder">
		update outorder set odate=#{odate},empno=#{emp.empno},aname=#{admin.aname} where ooid=#{ooid}
	</update>
	
	<!-- 根据主键查询 -->
	<select id="selectById" resultMap="outorder" parameterType="int">
		select o.*,e.*,a.* from outorder o,empor e,admin a where o.empno=e.empno and o.aname=a.aname and ooid=#{ooid}
	</select>
	
	<!-- 查询全部 -->
	<select id="selectAll" resultMap="outorder">
		select o.*,e.*,a.* from outorder o,empor e,admin a where o.empno=e.empno and o.aname=a.aname order by odate desc
	</select>
	
	<!-- 记录数 -->
	<select id="getCount" resultType="int">
		select count(*) from outorder
	</select>
	
	<!-- 分页查询 max min 与传递过来的map集合里面的key一致  根据key取值 -->
	<select id="selectByPage" resultMap="outorder" parameterType="hashmap">
		select * from (select l.*,rownum r from (select o.ooid,o.odate,e.empno,e.empname,a.aname,a.apassword,a.atype from outorder o,empor e,admin a where o.empno=e.empno and o.aname=a.aname) l where rownum <![CDATA[<=]]> #{max}) t where t.r <![CDATA[>=]]> #{min} order by odate desc
	</select>
	
	<!-- 删除多个 -->
	<delete id="deleteByIds" parameterType="java.sql.Array">
	  delete from empor where empno in
	  <foreach item="empname" collection="array" 
		 open="(" close=")" separator=",">
		 #{empName}
	   </foreach>
	</delete>
</mapper>