<?xml version="1.0" encoding="UTF-8"?>
<beans xmlns="http://www.springframework.org/schema/beans"
	xmlns:xsi="http://www.w3.org/2001/XMLSchema-instance" xmlns:p="http://www.springframework.org/schema/p"
	xmlns:context="http://www.springframework.org/schema/context"
	xmlns:mvc="http://www.springframework.org/schema/mvc"
	xsi:schemaLocation="http://www.springframework.org/schema/beans
	http://www.springframework.org/schema/beans/spring-beans-3.0.xsd
	http://www.springframework.org/schema/aop
	http://www.springframework.org/schema/aop/spring-aop-3.0.xsd
	http://www.springframework.org/schema/tx
	http://www.springframework.org/schema/tx/spring-tx-3.0.xsd
	http://www.springframework.org/schema/context
	http://www.springframework.org/schema/context/spring-context-3.0.xsd
	http://www.springframework.org/schema/mvc
	http://www.springframework.org/schema/mvc/spring-mvc-3.0.xsd">

	<!-- 启用spring mvc 注解 -->
	<context:annotation-config />

	<!-- 启用json注解 -->
	<mvc:annotation-driven />

	<!-- 设置使用注解的类所在的包 -->
	<context:component-scan base-package="com.chinasofti.inventory.ctrl"></context:component-scan>

	<!-- 完成请求和注解POJO的映射 -->
	<bean
		class="org.springframework.web.servlet.mvc.annotation.AnnotationMethodHandlerAdapter" />

	<!-- 对转向页面的路径解析。prefix：前缀， suffix：后缀 -->
	<bean
		class="org.springframework.web.servlet.view.InternalResourceViewResolver"
		p:prefix="/" p:suffix=".jsp" />

	<!-- 配置MultipartResolver，用于上传文件，使用spring的CommonsMultipartResolver -->
	<bean id="multipartResolver"
		class="org.springframework.web.multipart.commons.CommonsMultipartResolver">
		<property name="maxUploadSize" value="5000000" />
		<property name="defaultEncoding" value="UTF-8" />
	</bean>

	<!-- 核心拦截器 -->
	<mvc:interceptors>
		<mvc:interceptor>
			<mvc:mapping path="/admin/*.php"></mvc:mapping>
			<mvc:mapping path="/inorder/*.php"></mvc:mapping>
			<mvc:mapping path="/inbound/*.php"></mvc:mapping>
			<mvc:mapping path="/outbound/*.php"></mvc:mapping>
			<mvc:mapping path="/outorder/*.php"></mvc:mapping>
			
			<!-- interceptor拦截器的路径，包名.类名 -->
			<bean class="com.chinasofti.inventory.interceptor.TestInterceptor"></bean>
		</mvc:interceptor>
	</mvc:interceptors>

	<!-- Exception异常处理 -->
	<bean
		class="org.springframework.web.servlet.handler.SimpleMappingExceptionResolver">
		<property name="defaultErrorView" value="error">
		</property>
		<property name="exceptionMappings">
			<props>
				<prop key="java.lang.NullPointerException">error2</prop>
			</props>
		</property>
	</bean>
</beans>