<?xml version="1.0" encoding="UTF-8"?>
<!DOCTYPE configuration PUBLIC "-//mybatis.org//DTD Config 3.0//EN"
"http://mybatis.org/dtd/mybatis-3-config.dtd">

<!-- MyBatis-Configuration主映射文件 -->
<configuration>
	<!-- 实体类别名 -->
	<typeAliases>
		<!-- 给Admin实体类映射起别名 -->
		<typeAlias alias="admin" type="com.chinasofti.inventory.entity.Admin" />	
		
		<!-- 给Company实体类映射起别名 -->	
		<typeAlias alias="company" type="com.chinasofti.inventory.entity.Company" />
		
		<!-- 给Empor实体类映射起别名 -->	
		<typeAlias alias="empor" type="com.chinasofti.inventory.entity.Empor" />
		
		<!-- 给Invent实体类映射起别名 -->	
		<typeAlias alias="invent" type="com.chinasofti.inventory.entity.Invent" />
		
		<!-- 给Goods实体类映射起别名 -->	
		<typeAlias alias="goods" type="com.chinasofti.inventory.entity.Goods" />
		
		<!-- 给GoodsType实体类映射起别名 -->	
		<typeAlias alias="goodsType" type="com.chinasofti.inventory.entity.GoodsType" />
		
		<!-- 给InBound实体类映射起别名 -->	
		<typeAlias alias="inBound" type="com.chinasofti.inventory.entity.InBound" />
		
		<!-- 给InOrder实体类映射起别名 -->	
		<typeAlias alias="inOrder" type="com.chinasofti.inventory.entity.InOrder" />
		
		<!-- 给OutOrder实体类映射起别名 -->	
		<typeAlias alias="outOrder" type="com.chinasofti.inventory.entity.OutOrder" />
		
		<!-- 给OutBound实体类映射起别名 -->	
		<typeAlias alias="outBound" type="com.chinasofti.inventory.entity.OutBound" />
	</typeAliases>
	
	<!-- 对应的XxxMapper映射文件 -->
	<mappers>
		<!-- Admin表对应的Mapper映射文件 -->
		<mapper resource="com/chinasofti/inventory/dao/AdminMapper.xml" />
		
		<!-- Company表对应的Mapper映射文件 -->
		<mapper resource="com/chinasofti/inventory/dao/CompanyMapper.xml" />	
		
		<!-- empor表对应的Mapper映射文件 -->
		<mapper resource="com/chinasofti/inventory/dao/EmporMapper.xml" />
				
		<!-- invent表对应的Mapper映射文件 -->
		<mapper resource="com/chinasofti/inventory/dao/InventMapper.xml" />
				
		<!-- goods表对应的Mapper映射文件 -->
		<mapper resource="com/chinasofti/inventory/dao/GoodsMapper.xml" />
				
		<!-- goodstype表对应的Mapper映射文件 -->
		<mapper resource="com/chinasofti/inventory/dao/GoodsTypeMapper.xml" />
		
		<!-- inbound表对应的Mapper映射文件 -->
		<mapper resource="com/chinasofti/inventory/dao/InBoundMapper.xml" />
		
		<!-- inorder表对应的Mapper映射文件 -->
		<mapper resource="com/chinasofti/inventory/dao/InOrderMapper.xml" />
		
		<!-- outorder表对应的Mapper映射文件 -->
		<mapper resource="com/chinasofti/inventory/dao/OutOrderMapper.xml" />
		
		<!-- outbound表对应的Mapper映射文件 -->
		<mapper resource="com/chinasofti/inventory/dao/OutBoundMapper.xml" />		
	</mappers>
</configuration>